Mensaje_Id,Contenido,User_Id
1,embrace web-enabled functionalities,84-805-9194
2,benchmark dot-com models,46-793-4748
3,morph virtual portals,94-058-4602
4,extend magnetic eyeballs,94-423-9391
5,productize transparent paradigms,86-471-8896
6,leverage strategic systems,64-377-3473
7,transform integrated portals,67-688-3359
8,implement frictionless networks,63-257-6604
9,monetize innovative technologies,76-516-1552
10,syndicate killer e-services,90-574-2173
11,engineer compelling synergies,55-523-4352
12,reintermediate collaborative eyeballs,34-840-6238
13,drive magnetic schemas,28-532-2625
14,redefine strategic models,24-639-5451
15,generate interactive initiatives,50-507-2951
16,transition plug-and-play markets,12-012-9420
17,orchestrate vertical platforms,51-113-9999
18,utilize interactive e-services,25-962-1938
19,streamline rich deliverables,76-004-3614
20,expedite out-of-the-box synergies,05-235-3976
21,maximize clicks-and-mortar niches,96-467-8124
22,integrate mission-critical markets,24-848-0650
23,visualize best-of-breed niches,20-781-6560
24,implement dynamic e-services,32-728-1190
25,enable out-of-the-box metrics,59-020-8443
26,redefine clicks-and-mortar convergence,48-869-8327
27,deploy enterprise relationships,47-217-6989
28,brand end-to-end platforms,71-916-5906
29,strategize plug-and-play e-business,60-809-1954
30,aggregate sexy networks,15-654-8494
31,incubate user-centric content,77-285-6428
32,exploit real-time convergence,71-900-8219
33,optimize compelling eyeballs,79-289-2375
34,redefine front-end experiences,19-408-5132
35,productize 24/365 infomediaries,44-671-4114
36,syndicate interactive methodologies,18-341-2678
37,generate impactful interfaces,79-685-3620
38,scale efficient web-readiness,01-638-4668
39,revolutionize extensible action-items,27-877-3545
40,whiteboard extensible mindshare,03-892-8941
41,reinvent one-to-one channels,34-481-9301
42,recontextualize plug-and-play platforms,38-330-3257
43,iterate customized bandwidth,90-542-5953
44,cultivate magnetic mindshare,03-317-4549
45,transition bricks-and-clicks users,19-701-7937
46,evolve global solutions,70-087-7623
47,transform interactive supply-chains,08-733-5078
48,reinvent world-class communities,82-157-7508
49,target value-added functionalities,76-749-5048
50,embrace next-generation mindshare,32-249-5698
51,synergize synergistic e-commerce,27-882-3889
52,empower global e-markets,14-571-4348
53,incentivize integrated infrastructures,01-774-6755
54,strategize synergistic relationships,32-006-8077
55,harness virtual convergence,39-408-0737
56,synthesize dynamic e-services,35-588-3518
57,aggregate collaborative action-items,64-122-1087
58,aggregate dot-com portals,02-002-1429
59,incubate e-business models,92-847-3916
60,grow efficient portals,53-667-7893
61,extend leading-edge e-commerce,92-553-2413
62,incentivize turn-key platforms,87-974-3759
63,incentivize web-enabled users,26-021-8827
64,architect holistic technologies,53-514-9425
65,unleash efficient eyeballs,96-220-8549
66,drive next-generation architectures,05-925-6761
67,scale frictionless e-commerce,91-099-8612
68,leverage front-end networks,28-245-4260
69,envisioneer one-to-one metrics,08-111-8801
70,innovate extensible platforms,38-429-9120
71,target visionary interfaces,77-473-0126
72,incentivize scalable models,50-591-6741
73,revolutionize granular models,26-544-3197
74,maximize world-class web services,92-319-2450
75,deploy e-business solutions,13-975-5358
76,aggregate interactive bandwidth,89-824-8179
77,syndicate e-business web services,38-880-7916
78,utilize real-time e-business,10-390-5719
79,implement cross-media technologies,62-936-7713
80,scale scalable action-items,24-747-2368
81,embrace sexy web-readiness,28-301-5924
82,redefine B2C ROI,10-681-4766
83,revolutionize clicks-and-mortar bandwidth,05-690-0205
84,reintermediate clicks-and-mortar bandwidth,70-329-6493
85,expedite real-time e-tailers,73-869-2039
86,optimize user-centric methodologies,80-749-9157
87,scale efficient e-markets,68-307-6600
88,facilitate robust users,80-765-3769
89,expedite impactful e-tailers,60-555-7630
90,e-enable mission-critical deliverables,72-300-3681
91,incubate rich relationships,07-376-2187
92,scale synergistic e-services,95-367-8247
93,seize synergistic e-tailers,43-335-9124
94,implement bricks-and-clicks e-commerce,46-214-1740
95,synthesize global channels,12-581-5113
96,generate holistic models,48-534-9776
97,unleash interactive markets,89-894-3445
98,architect best-of-breed functionalities,15-941-1358
99,deploy web-enabled architectures,89-696-7253
100,repurpose robust technologies,71-426-9336
101,iterate collaborative networks,43-177-0086
102,generate sticky vortals,90-062-2563
103,repurpose mission-critical deliverables,93-497-6142
104,monetize frictionless deliverables,52-221-4392
105,transform virtual interfaces,93-710-8923
106,revolutionize strategic markets,54-202-4606
107,cultivate dynamic schemas,15-170-5017
108,leverage real-time mindshare,93-870-5746
109,utilize sexy schemas,62-687-3909
110,reinvent sexy content,52-524-5922
111,revolutionize dot-com channels,43-350-9762
112,seize best-of-breed web-readiness,70-096-9782
113,productize distributed users,51-983-1527
114,whiteboard e-business functionalities,52-820-3597
115,brand ubiquitous mindshare,03-925-5258
116,orchestrate seamless solutions,71-767-9060
117,evolve bleeding-edge e-services,53-286-7345
118,engineer strategic partnerships,49-937-0829
119,whiteboard extensible architectures,51-823-7150
120,incentivize distributed portals,25-564-4264
121,recontextualize transparent vortals,17-603-5651
122,repurpose compelling web-readiness,57-622-6737
123,streamline impactful vortals,64-749-6296
124,deploy end-to-end functionalities,13-078-7099
125,scale B2B paradigms,47-505-8958
126,brand visionary technologies,04-611-9864
127,transform wireless e-business,62-219-6444
128,e-enable B2B action-items,87-440-9470
129,grow real-time e-services,34-301-3417
130,innovate bricks-and-clicks action-items,65-888-8540
131,deploy vertical web services,43-534-4386
132,cultivate value-added users,22-807-5456
133,enhance web-enabled users,55-247-4443
134,expedite customized functionalities,95-871-0296
135,target magnetic bandwidth,56-557-7161
136,transition innovative e-commerce,59-127-5114
137,repurpose cross-platform niches,15-001-1660
138,enable value-added architectures,80-379-6987
139,streamline impactful networks,17-650-9598
140,syndicate revolutionary e-markets,28-638-9598
141,productize out-of-the-box interfaces,25-772-7073
142,aggregate global networks,92-560-9582
143,aggregate best-of-breed content,04-381-5395
144,synthesize proactive portals,53-202-5351
145,mesh strategic networks,33-441-5781
146,visualize real-time vortals,51-370-8631
147,revolutionize next-generation relationships,13-799-9198
148,optimize distributed schemas,01-108-0926
149,utilize e-business e-services,99-382-6004
150,brand clicks-and-mortar applications,43-440-1681
151,synergize integrated bandwidth,14-757-5187
152,integrate global users,19-092-5342
153,extend clicks-and-mortar paradigms,58-844-0835
154,iterate back-end paradigms,10-936-9008
155,brand magnetic channels,03-934-6474
156,aggregate interactive platforms,85-426-5209
157,architect user-centric e-commerce,32-118-2551
158,benchmark impactful synergies,63-083-4819
159,visualize transparent ROI,76-382-1479
160,facilitate rich initiatives,17-656-2370
161,transform open-source eyeballs,33-889-7110
162,innovate end-to-end e-services,51-664-5968
163,utilize cross-media systems,31-766-1780
164,productize scalable e-commerce,05-218-3574
165,redefine world-class partnerships,98-901-1908
166,synthesize integrated users,50-988-3097
167,exploit enterprise relationships,44-137-6431
168,productize real-time markets,01-172-4243
169,productize virtual e-services,72-458-2705
170,revolutionize real-time web-readiness,83-093-4515
171,disintermediate collaborative communities,05-168-8622
172,reintermediate vertical e-markets,32-917-3634
173,recontextualize mission-critical initiatives,52-904-5354
174,benchmark global schemas,55-901-7480
175,orchestrate wireless systems,76-593-9045
176,generate extensible e-tailers,56-010-9061
177,exploit one-to-one content,48-785-1515
178,envisioneer plug-and-play infrastructures,26-083-6421
179,optimize cross-platform initiatives,35-524-1233
180,maximize strategic communities,06-901-0268
181,drive granular content,14-683-0167
182,aggregate leading-edge interfaces,33-062-2937
183,extend extensible users,05-807-5684
184,seize revolutionary infrastructures,74-047-8883
185,seize 24/7 action-items,07-148-6782
186,synergize cutting-edge users,61-720-4908
187,syndicate seamless e-services,44-834-1804
188,visualize interactive bandwidth,81-703-6167
189,extend best-of-breed schemas,61-747-5614
190,strategize 24/7 models,95-622-0834
191,deliver best-of-breed e-markets,41-764-3592
192,expedite plug-and-play relationships,47-616-6631
193,recontextualize killer experiences,48-012-9208
194,mesh collaborative e-commerce,45-801-5849
195,exploit sexy infomediaries,86-732-9303
196,strategize out-of-the-box bandwidth,42-336-6152
197,morph sticky content,98-864-8685
198,reinvent intuitive methodologies,46-327-4696
199,reintermediate transparent portals,45-323-8639
200,iterate leading-edge networks,19-186-7318
201,disintermediate value-added portals,22-159-4813
202,mesh next-generation infomediaries,21-636-3073
203,generate enterprise solutions,28-184-5069
204,evolve user-centric schemas,43-895-0516
205,utilize granular relationships,76-581-2948
206,architect back-end niches,89-914-2901
207,disintermediate compelling interfaces,95-818-0614
208,harness plug-and-play synergies,57-709-1265
209,morph best-of-breed synergies,42-411-7928
210,optimize web-enabled architectures,77-302-1405
211,disintermediate value-added bandwidth,97-061-5759
212,seize granular paradigms,44-689-3263
213,disintermediate bricks-and-clicks markets,02-978-2830
214,architect extensible e-business,55-995-2756
215,integrate extensible synergies,89-295-0192
216,harness 24/7 channels,53-244-5403
217,seize open-source e-commerce,44-943-2435
218,implement rich platforms,02-039-7524
219,envisioneer cutting-edge methodologies,35-173-7808
220,enable collaborative systems,96-619-7816
221,unleash interactive supply-chains,51-351-7282
222,expedite world-class initiatives,72-887-1743
223,incentivize bricks-and-clicks web-readiness,71-074-9578
224,aggregate mission-critical experiences,27-901-8899
225,syndicate killer portals,98-919-0634
226,seize global supply-chains,66-216-5409
227,empower robust methodologies,39-729-8720
228,enhance B2B convergence,64-011-3314
229,engage global e-commerce,51-463-9537
230,incentivize intuitive ROI,25-517-5528
231,monetize extensible portals,57-061-0959
232,implement intuitive ROI,13-590-1562
233,seize next-generation e-commerce,59-865-2310
234,synthesize value-added infomediaries,31-134-8132
235,reintermediate sexy systems,60-689-2126
236,strategize compelling models,53-473-4314
237,benchmark clicks-and-mortar partnerships,93-787-9914
238,scale innovative e-business,86-992-4404
239,optimize 24/365 vortals,50-409-8776
240,utilize customized initiatives,46-027-7631
241,matrix efficient initiatives,14-054-2658
242,facilitate sexy mindshare,25-372-3309
243,recontextualize intuitive schemas,43-160-1972
244,seize extensible interfaces,28-726-6854
245,redefine strategic synergies,23-318-7762
246,cultivate plug-and-play web services,31-064-6072
247,synergize integrated applications,40-668-8810
248,redefine bleeding-edge experiences,35-414-6077
249,disintermediate leading-edge solutions,17-928-1918
250,brand back-end web services,16-462-7606
251,embrace bricks-and-clicks content,08-873-1728
252,redefine plug-and-play convergence,07-017-9007
253,enhance seamless initiatives,90-791-2357
254,revolutionize global schemas,64-951-5966
255,transition open-source metrics,08-487-8285
256,innovate wireless bandwidth,80-622-7956
257,synergize integrated systems,92-339-9180
258,innovate compelling synergies,39-283-5452
259,redefine revolutionary action-items,04-018-0326
260,morph proactive interfaces,10-417-1985
261,optimize vertical initiatives,70-764-4103
262,iterate plug-and-play systems,85-360-6887
263,whiteboard B2B infomediaries,77-054-2406
264,recontextualize cutting-edge portals,96-164-9645
265,repurpose enterprise platforms,10-440-0245
266,harness distributed web services,27-632-6883
267,utilize synergistic e-markets,36-734-4177
268,embrace real-time content,42-281-4300
269,cultivate B2C convergence,00-072-9497
270,embrace transparent synergies,28-626-1177
271,disintermediate leading-edge e-services,04-812-5754
272,architect magnetic content,73-060-9205
273,strategize compelling communities,41-430-5991
274,transition cross-media relationships,74-110-5679
275,integrate one-to-one web services,92-067-0980
276,iterate magnetic interfaces,44-600-9222
277,seize distributed architectures,25-588-3208
278,strategize bleeding-edge relationships,96-701-0917
279,reinvent out-of-the-box markets,57-364-2917
280,enhance synergistic e-services,33-997-4779
281,transform real-time users,09-495-6516
282,cultivate impactful technologies,48-386-1912
283,transform impactful paradigms,92-027-9892
284,embrace collaborative web-readiness,36-735-0331
285,monetize clicks-and-mortar infomediaries,20-746-7524
286,embrace seamless interfaces,70-870-7041
287,deploy end-to-end solutions,97-101-8608
288,engage sexy e-commerce,80-896-7025
289,mesh wireless architectures,29-184-0893
290,deliver frictionless paradigms,09-919-3564
291,facilitate compelling e-business,21-497-4335
292,unleash cross-platform e-commerce,89-131-4017
293,empower plug-and-play convergence,71-223-1964
294,streamline seamless infomediaries,42-103-3678
295,extend dot-com mindshare,68-071-7661
296,engineer open-source supply-chains,04-094-5554
297,harness visionary portals,02-999-7049
298,drive robust architectures,77-144-9513
299,grow B2C e-services,54-103-2426
300,cultivate ubiquitous experiences,01-037-5821
301,strategize scalable eyeballs,25-999-3277
302,revolutionize integrated infrastructures,79-178-8229
303,incentivize wireless markets,36-235-9896
304,redefine collaborative systems,48-076-2518
305,repurpose user-centric niches,40-924-6444
306,target synergistic technologies,27-489-5614
307,architect killer portals,53-386-9341
308,incubate 24/7 infomediaries,67-540-5932
309,extend cross-platform niches,71-677-0818
310,e-enable enterprise action-items,16-338-1700
311,optimize dot-com e-tailers,57-484-1005
312,benchmark real-time functionalities,01-776-6622
313,innovate clicks-and-mortar niches,07-590-6719
314,incubate user-centric infrastructures,19-604-8225
315,reintermediate back-end schemas,04-538-0665
316,expedite cutting-edge e-services,02-524-5901
317,matrix seamless supply-chains,51-871-5233
318,revolutionize efficient supply-chains,16-669-4178
319,utilize extensible applications,47-177-1090
320,engage rich models,50-298-7927
321,redefine value-added supply-chains,43-115-9111
322,seize interactive infrastructures,78-874-1947
323,target frictionless experiences,19-892-4839
324,drive interactive technologies,90-203-6241
325,productize magnetic systems,26-442-1476
326,embrace interactive e-business,61-325-3122
327,e-enable cross-platform users,69-212-0825
328,syndicate virtual convergence,96-308-3063
329,engineer granular bandwidth,16-150-5734
330,visualize world-class applications,23-984-5361
331,redefine scalable vortals,11-589-3507
332,seize leading-edge initiatives,93-948-7322
333,syndicate holistic technologies,55-566-9090
334,leverage mission-critical systems,14-984-4858
335,facilitate visionary portals,64-584-8222
336,whiteboard e-business ROI,30-272-5710
337,facilitate virtual e-tailers,52-098-8156
338,grow plug-and-play vortals,93-247-9848
339,facilitate cutting-edge infomediaries,50-004-8777
340,disintermediate efficient synergies,57-616-8662
341,engineer out-of-the-box e-services,15-078-4443
342,reinvent rich synergies,10-886-3297
343,target dot-com interfaces,64-374-9904
344,deliver dynamic convergence,23-396-6943
345,disintermediate cross-platform e-commerce,48-411-8258
346,deploy transparent platforms,84-455-2411
347,redefine end-to-end deliverables,15-889-3093
348,drive strategic communities,79-076-0859
349,target vertical convergence,95-273-6230
350,drive best-of-breed content,12-233-1937
351,matrix sticky deliverables,24-491-4590
352,mesh e-business e-business,28-385-0906
353,repurpose real-time e-markets,47-039-7534
354,seize seamless synergies,28-830-2629
355,seize open-source solutions,80-572-3311
356,incubate strategic e-services,11-154-1665
357,matrix magnetic channels,61-343-9815
358,drive leading-edge action-items,36-112-3412
359,strategize granular schemas,81-633-2252
360,disintermediate front-end bandwidth,83-420-3936
361,unleash leading-edge paradigms,24-494-1473
362,reinvent real-time e-markets,48-263-4031
363,envisioneer efficient supply-chains,26-477-9920
364,architect one-to-one infrastructures,05-452-7739
365,extend impactful infomediaries,71-400-8545
366,iterate impactful networks,62-664-3429
367,transition robust e-services,27-843-8463
368,matrix enterprise functionalities,03-928-6128
369,leverage turn-key e-markets,83-004-1334
370,unleash synergistic e-services,99-610-3853
371,integrate dot-com e-tailers,40-776-6398
372,reinvent clicks-and-mortar schemas,58-579-7714
373,deliver compelling architectures,15-187-2625
374,enhance transparent relationships,71-882-9689
375,enable visionary vortals,59-455-0893
376,incentivize end-to-end methodologies,68-341-8491
377,integrate cutting-edge vortals,20-355-6023
378,integrate end-to-end niches,86-410-5273
379,scale granular e-markets,63-732-9704
380,syndicate strategic e-services,02-179-1586
381,reinvent rich portals,17-679-7727
382,extend efficient deliverables,77-905-0812
383,generate cross-platform vortals,26-407-3494
384,evolve killer bandwidth,15-954-6649
385,exploit strategic web services,06-298-3112
386,orchestrate revolutionary solutions,32-247-1954
387,visualize web-enabled content,73-129-0842
388,transform best-of-breed networks,09-329-5607
389,reintermediate B2C mindshare,96-640-1363
390,unleash sexy portals,06-849-9087
391,syndicate revolutionary paradigms,70-331-1814
392,whiteboard proactive e-business,39-163-5557
393,transform sexy solutions,95-308-0131
394,deliver sexy synergies,75-616-5041
395,syndicate strategic systems,11-219-0520
396,architect visionary action-items,60-998-4742
397,engineer value-added action-items,19-260-0182
398,maximize rich relationships,71-792-9050
399,deploy open-source web-readiness,41-584-1050
400,streamline holistic portals,41-619-0069
401,synthesize 24/365 action-items,11-174-9879
402,matrix magnetic web services,51-083-1030
403,brand intuitive content,34-348-5781
404,deliver mission-critical niches,70-105-1929
405,enhance enterprise e-markets,43-129-3986
406,whiteboard 24/7 functionalities,30-567-4024
407,benchmark dynamic functionalities,21-278-1812
408,mesh ubiquitous relationships,76-315-6003
409,monetize innovative interfaces,80-440-8582
410,facilitate plug-and-play e-commerce,14-129-6054
411,implement interactive ROI,91-593-7761
412,disintermediate mission-critical architectures,54-422-5073
413,synergize synergistic content,12-657-3531
414,monetize dot-com systems,07-982-0753
415,architect B2B supply-chains,51-773-1647
416,implement real-time methodologies,41-973-9071
417,generate scalable web-readiness,47-494-2499
418,exploit scalable portals,38-812-6070
419,transform vertical eyeballs,00-456-2025
420,deliver scalable channels,06-032-3930
421,revolutionize front-end ROI,12-088-2379
422,disintermediate plug-and-play applications,50-617-8792
423,engage dot-com convergence,48-950-6446
424,strategize mission-critical markets,45-624-3853
425,implement wireless web-readiness,99-252-6707
426,transform extensible markets,86-563-8070
427,evolve clicks-and-mortar deliverables,21-132-7812
428,whiteboard strategic functionalities,42-718-7890
429,aggregate synergistic schemas,63-147-2431
430,matrix vertical action-items,83-972-5313
431,exploit web-enabled architectures,83-515-5912
432,syndicate impactful initiatives,71-738-8375
433,monetize leading-edge initiatives,98-177-6045
434,expedite front-end web services,43-162-3904
435,harness extensible synergies,86-193-7332
436,enhance customized content,79-554-2671
437,embrace magnetic web-readiness,55-545-2197
438,benchmark world-class communities,85-312-7341
439,implement 24/7 systems,77-011-1022
440,transition one-to-one partnerships,74-662-1270
441,deploy impactful e-markets,21-849-6227
442,productize ubiquitous technologies,12-843-5967
443,unleash rich supply-chains,07-455-3085
444,deliver innovative relationships,05-997-8991
445,reinvent leading-edge platforms,21-471-1454
446,enhance web-enabled methodologies,34-009-2633
447,evolve visionary action-items,54-705-4368
448,envisioneer out-of-the-box e-commerce,74-096-2977
449,envisioneer magnetic relationships,45-378-6831
450,exploit intuitive networks,04-020-2087
451,maximize collaborative schemas,10-645-2122
452,drive seamless supply-chains,20-900-8518
453,extend transparent metrics,59-256-2567
454,streamline open-source communities,33-233-6353
455,implement seamless relationships,86-194-5883
456,envisioneer real-time e-services,52-162-3395
457,synthesize real-time initiatives,69-676-8634
458,syndicate out-of-the-box communities,22-441-6805
459,engineer sticky models,69-073-9741
460,incubate global e-business,93-996-0528
461,exploit leading-edge e-business,61-118-3630
462,transition cross-platform deliverables,32-824-2528
463,streamline ubiquitous action-items,48-153-9760
464,synergize dot-com metrics,10-741-0334
465,facilitate virtual vortals,68-253-8122
466,recontextualize strategic architectures,83-765-9445
467,empower dynamic niches,58-966-6439
468,e-enable back-end platforms,12-840-7738
469,mesh magnetic relationships,99-708-1587
470,disintermediate intuitive experiences,56-088-8837
471,extend one-to-one deliverables,08-720-4909
472,syndicate granular infrastructures,81-081-3541
473,facilitate enterprise users,03-691-4796
474,benchmark end-to-end deliverables,07-221-2266
475,grow granular interfaces,03-713-9961
476,optimize sticky interfaces,08-990-9813
477,transition extensible e-tailers,43-914-7834
478,reinvent turn-key eyeballs,37-479-7110
479,architect bricks-and-clicks architectures,49-662-2573
480,matrix plug-and-play paradigms,72-843-2027
481,envisioneer virtual communities,74-392-9088
482,grow robust platforms,89-036-5089
483,reintermediate ubiquitous ROI,17-909-4003
484,scale world-class niches,21-123-1488
485,revolutionize robust paradigms,59-891-2487
486,enhance front-end infomediaries,05-281-1961
487,matrix wireless e-markets,70-243-4396
488,envisioneer holistic technologies,08-354-4383
489,expedite intuitive web services,78-712-8588
490,brand e-business networks,22-690-4349
491,incentivize turn-key initiatives,32-780-7753
492,evolve best-of-breed deliverables,08-268-3056
493,reintermediate wireless supply-chains,68-437-6564
494,unleash clicks-and-mortar niches,21-081-0463
495,maximize compelling deliverables,53-574-8759
496,implement B2C users,34-134-6665
497,deploy cross-media supply-chains,31-567-2571
498,mesh world-class users,40-883-7411
499,optimize B2B interfaces,21-781-6973
500,cultivate virtual schemas,45-034-2141
501,architect plug-and-play paradigms,76-648-1323
502,optimize frictionless channels,08-668-9074
503,visualize collaborative models,11-376-9303
504,synergize enterprise portals,92-271-3685
505,productize value-added initiatives,15-713-6514
506,orchestrate revolutionary e-markets,52-547-7277
507,recontextualize revolutionary e-markets,69-214-4857
508,embrace clicks-and-mortar ROI,35-614-9432
509,empower value-added mindshare,23-599-4546
510,leverage proactive methodologies,28-899-0690
511,exploit world-class initiatives,62-404-9608
512,reinvent proactive web-readiness,36-784-3837
513,grow sexy e-markets,99-360-4090
514,incentivize front-end applications,63-387-2627
515,incubate value-added eyeballs,03-184-3587
516,redefine e-business architectures,23-919-4947
517,facilitate cross-platform solutions,14-901-1407
518,scale leading-edge action-items,90-450-4233
519,implement robust synergies,79-180-8565
520,optimize killer eyeballs,15-471-3766
521,unleash value-added ROI,38-971-7380
522,e-enable interactive communities,63-740-5037
523,visualize frictionless ROI,64-675-8529
524,scale proactive e-services,06-661-0976
525,morph cutting-edge infomediaries,57-676-9854
526,unleash bricks-and-clicks functionalities,61-683-5108
527,brand intuitive e-business,56-292-3134
528,unleash viral vortals,73-528-0464
529,enable bricks-and-clicks technologies,89-150-5208
530,engineer viral bandwidth,21-632-1931
531,expedite bleeding-edge infomediaries,11-335-7273
532,integrate collaborative users,82-839-9637
533,iterate customized niches,68-967-7700
534,transition compelling infrastructures,01-324-3000
535,brand virtual schemas,51-954-7658
536,engineer plug-and-play infrastructures,76-409-6006
537,grow out-of-the-box schemas,10-889-9992
538,e-enable magnetic architectures,29-629-9999
539,aggregate compelling channels,89-120-4873
540,revolutionize granular interfaces,22-347-6819
541,whiteboard efficient solutions,91-971-3227
542,redefine bricks-and-clicks initiatives,47-195-2198
543,iterate synergistic vortals,51-064-5571
544,deploy proactive experiences,28-467-7192
545,mesh enterprise architectures,27-323-1883
546,seize B2C deliverables,52-407-5021
547,reinvent frictionless schemas,26-379-3333
548,reintermediate impactful e-commerce,67-348-6575
549,brand value-added systems,91-061-2974
550,reintermediate dot-com markets,91-388-2118
551,transition best-of-breed web-readiness,65-696-9002
552,morph world-class synergies,85-464-9073
553,optimize robust metrics,14-908-4236
554,brand collaborative paradigms,63-160-6247
555,architect out-of-the-box action-items,47-194-2791
556,whiteboard customized supply-chains,50-469-4792
557,morph interactive solutions,82-041-1304
558,productize scalable web services,94-575-9941
559,generate back-end schemas,70-360-5787
560,implement dynamic mindshare,66-955-4330
561,embrace revolutionary systems,18-852-2932
562,enhance cutting-edge supply-chains,73-138-5725
563,e-enable B2C vortals,13-092-5540
564,engage rich platforms,27-378-9704
565,incentivize open-source solutions,68-060-3336
566,matrix e-business relationships,45-081-5284
567,deploy collaborative paradigms,17-443-3356
568,empower bricks-and-clicks paradigms,18-393-7452
569,exploit synergistic e-business,67-167-5103
570,monetize bricks-and-clicks e-commerce,44-286-0898
571,engage sticky web services,12-997-6164
572,revolutionize revolutionary action-items,15-486-0502
573,streamline open-source relationships,91-800-7942
574,maximize B2C action-items,95-034-5347
575,enhance virtual networks,13-381-5395
576,revolutionize web-enabled niches,49-259-5260
577,exploit e-business technologies,85-267-4229
578,incubate enterprise paradigms,33-950-7824
579,monetize B2C niches,12-181-0464
580,deliver transparent supply-chains,54-692-4589
581,e-enable frictionless technologies,37-302-3598
582,e-enable leading-edge communities,01-314-6311
583,redefine enterprise platforms,65-131-2696
584,streamline intuitive initiatives,47-754-1721
585,iterate enterprise content,48-028-9547
586,cultivate cross-platform applications,59-818-5767
587,deliver global e-services,33-365-3418
588,morph world-class paradigms,25-794-4536
589,iterate frictionless systems,78-780-1030
590,exploit out-of-the-box architectures,41-232-8343
591,deliver compelling infomediaries,96-778-8631
592,syndicate mission-critical content,45-735-1764
593,whiteboard e-business web services,97-318-7170
594,generate cutting-edge applications,23-362-0173
595,grow clicks-and-mortar methodologies,52-263-1807
596,embrace out-of-the-box convergence,76-936-8354
597,exploit wireless experiences,28-318-2077
598,benchmark proactive eyeballs,04-005-7472
599,grow frictionless deliverables,16-028-5796
600,unleash collaborative users,34-503-4919
601,drive customized relationships,58-949-2496
602,generate frictionless web-readiness,61-352-5319
603,morph enterprise synergies,84-947-1513
604,architect end-to-end models,86-763-2642
605,deliver B2B initiatives,59-561-7795
606,utilize world-class paradigms,32-881-5736
607,embrace 24/7 content,95-802-0315
608,monetize turn-key web services,60-640-5145
609,reintermediate world-class convergence,18-011-7861
610,streamline virtual partnerships,36-428-5536
611,reinvent 24/365 applications,45-025-8753
612,transform next-generation models,71-392-7527
613,scale sexy metrics,94-478-2071
614,generate B2C paradigms,11-522-3178
615,scale visionary e-tailers,97-965-7345
616,morph ubiquitous niches,27-251-8710
617,unleash front-end web services,85-619-4148
618,productize compelling experiences,32-335-6885
619,visualize end-to-end supply-chains,27-464-7161
620,synergize holistic methodologies,77-884-7218
621,drive viral infrastructures,59-123-1545
622,embrace seamless relationships,67-504-5339
623,deploy value-added deliverables,49-380-6100
624,transform real-time communities,06-773-1570
625,syndicate compelling users,84-397-8367
626,target magnetic interfaces,14-532-2339
627,innovate leading-edge infomediaries,26-698-7830
628,unleash efficient methodologies,74-801-1945
629,reintermediate real-time mindshare,41-342-9781
630,synergize distributed technologies,41-548-0579
631,harness innovative relationships,31-772-3333
632,exploit proactive partnerships,81-745-3378
633,transform plug-and-play methodologies,17-555-7506
634,incubate world-class portals,36-925-2798
635,cultivate world-class e-markets,08-045-9157
636,transform real-time initiatives,41-932-5545
637,drive efficient architectures,41-402-8890
638,revolutionize revolutionary partnerships,91-702-6208
639,engineer mission-critical mindshare,13-922-6622
640,revolutionize mission-critical supply-chains,45-793-5429
641,morph innovative applications,47-636-6338
642,reintermediate ubiquitous e-business,16-787-4622
643,implement compelling partnerships,25-664-2187
644,evolve cross-media schemas,22-489-5258
645,empower enterprise platforms,01-838-1361
646,repurpose strategic ROI,60-384-9585
647,generate B2B methodologies,19-073-1389
648,matrix synergistic e-markets,13-897-2817
649,engage transparent applications,48-027-6078
650,visualize user-centric technologies,31-375-1602
651,enhance value-added solutions,30-719-2167
652,utilize B2C e-tailers,41-728-9942
653,enable user-centric infomediaries,35-411-3255
654,embrace synergistic e-markets,94-594-5619
655,whiteboard B2B action-items,55-204-9536
656,harness extensible mindshare,12-940-7386
657,drive transparent channels,25-861-1695
658,innovate frictionless partnerships,12-680-5709
659,evolve sticky web-readiness,09-635-3636
660,visualize synergistic relationships,62-005-1140
661,recontextualize magnetic infrastructures,64-757-7436
662,e-enable ubiquitous synergies,76-574-8354
663,innovate holistic users,61-314-7827
664,maximize virtual metrics,12-388-0329
665,productize plug-and-play initiatives,38-359-0133
666,productize 24/7 supply-chains,07-048-9672
667,cultivate sticky mindshare,57-408-4524
668,facilitate holistic supply-chains,24-611-3687
669,strategize interactive channels,48-138-8321
670,disintermediate web-enabled e-services,06-723-2041
671,reintermediate sticky bandwidth,80-290-6084
672,enable front-end models,58-215-0037
673,incubate sticky schemas,89-592-7565
674,reinvent seamless vortals,65-564-1704
675,transform customized experiences,81-766-9921
676,disintermediate collaborative action-items,50-332-3047
677,transform distributed models,92-310-1487
678,grow web-enabled eyeballs,21-696-7411
679,incubate revolutionary paradigms,74-043-8077
680,maximize granular architectures,06-535-5208
681,innovate next-generation e-commerce,76-086-8987
682,syndicate efficient ROI,61-250-0125
683,deliver leading-edge users,29-799-9257
684,mesh user-centric e-markets,51-067-5911
685,innovate ubiquitous mindshare,66-431-7853
686,unleash open-source schemas,10-808-3492
687,e-enable distributed mindshare,09-611-3710
688,iterate world-class e-tailers,95-913-8239
689,synthesize innovative architectures,40-487-8347
690,matrix cross-platform web services,92-417-2044
691,empower intuitive communities,75-273-9820
692,expedite e-business initiatives,68-575-0309
693,syndicate mission-critical users,18-479-8657
694,reintermediate global e-tailers,69-623-4160
695,e-enable sexy web-readiness,25-299-8315
696,strategize synergistic supply-chains,18-191-5799
697,visualize web-enabled web-readiness,24-112-6606
698,extend proactive partnerships,73-202-0143
699,optimize out-of-the-box infrastructures,59-831-1580
700,exploit out-of-the-box channels,74-395-9304
701,generate efficient web-readiness,91-034-5639
702,streamline 24/7 content,29-801-6709
703,grow intuitive niches,89-515-9151
704,matrix best-of-breed communities,20-287-4396
705,orchestrate ubiquitous functionalities,19-479-5152
706,reinvent frictionless web-readiness,62-205-5388
707,monetize best-of-breed technologies,26-253-8166
708,exploit wireless web services,22-956-2871
709,engineer intuitive web services,40-928-3467
710,transition clicks-and-mortar e-business,64-821-8965
711,deliver 24/365 models,88-764-2525
712,innovate next-generation systems,55-436-8591
713,envisioneer impactful convergence,27-005-4682
714,utilize virtual e-tailers,72-049-9292
715,exploit transparent interfaces,29-412-6674
716,architect interactive vortals,05-610-2596
717,deploy transparent systems,86-779-4202
718,expedite bricks-and-clicks solutions,58-139-4288
719,benchmark user-centric eyeballs,29-465-3160
720,visualize world-class vortals,15-085-1824
721,iterate dot-com supply-chains,57-954-6834
722,monetize next-generation communities,09-678-3020
723,cultivate sexy paradigms,91-899-9277
724,grow one-to-one ROI,47-064-0193
725,extend killer channels,07-966-5226
726,revolutionize one-to-one partnerships,50-267-3905
727,harness robust portals,69-164-0615
728,enable open-source channels,66-801-4698
729,disintermediate magnetic supply-chains,63-306-5442
730,deploy sexy metrics,73-146-0141
731,engineer innovative e-markets,35-682-9796
732,scale visionary supply-chains,15-537-9920
733,incentivize impactful networks,99-612-5382
734,implement sticky channels,31-328-2151
735,cultivate sticky e-business,10-717-2767
736,redefine integrated vortals,94-541-4775
737,cultivate impactful e-business,00-144-0032
738,matrix sticky methodologies,98-575-9850
739,maximize integrated niches,96-576-3442
740,brand killer niches,17-131-0096
741,iterate web-enabled e-services,89-492-9012
742,mesh proactive vortals,49-042-8786
743,matrix real-time relationships,94-514-3903
744,monetize cross-platform vortals,32-700-4808
745,innovate vertical eyeballs,32-743-3701
746,monetize real-time systems,94-438-4776
747,scale transparent communities,51-897-2455
748,deploy distributed portals,16-183-1629
749,incentivize efficient infomediaries,41-052-2958
750,transition enterprise initiatives,47-653-4082
751,aggregate dot-com networks,68-680-8242
752,cultivate real-time communities,15-629-6996
753,envisioneer robust synergies,35-796-3161
754,reintermediate 24/7 infomediaries,29-004-8313
755,enhance proactive ROI,37-887-9914
756,empower enterprise relationships,89-817-5372
757,synthesize frictionless mindshare,88-055-8272
758,synergize distributed supply-chains,64-051-8317
759,brand wireless applications,34-839-0601
760,transition magnetic web-readiness,20-710-4089
761,transform collaborative e-commerce,36-095-6179
762,scale clicks-and-mortar users,03-595-1749
763,generate B2C deliverables,35-168-7927
764,strategize compelling bandwidth,26-272-6852
765,maximize end-to-end networks,34-743-3751
766,redefine e-business users,50-540-0859
767,disintermediate cross-media partnerships,71-822-9576
768,orchestrate visionary solutions,77-128-2411
769,repurpose collaborative partnerships,37-987-2091
770,innovate one-to-one platforms,66-820-5923
771,harness mission-critical e-tailers,16-793-8109
772,e-enable sticky communities,41-721-2877
773,benchmark user-centric schemas,42-563-2455
774,maximize impactful content,64-228-8992
775,streamline efficient functionalities,09-361-9743
776,maximize seamless experiences,12-126-2402
777,e-enable web-enabled e-markets,26-804-4888
778,iterate real-time vortals,81-285-1610
779,engage bricks-and-clicks action-items,52-190-7658
780,reinvent frictionless ROI,95-159-1051
781,e-enable customized eyeballs,11-968-9873
782,cultivate frictionless mindshare,25-267-0206
783,optimize compelling systems,34-173-3366
784,reinvent B2B methodologies,53-312-1341
785,mesh frictionless e-business,23-228-0632
786,incubate innovative convergence,74-096-4398
787,deploy ubiquitous ROI,67-778-7300
788,deliver global e-services,82-861-0520
789,synergize e-business initiatives,97-372-6911
790,seize transparent networks,95-179-3238
791,recontextualize leading-edge convergence,11-657-6211
792,synergize customized solutions,76-516-8465
793,grow sticky models,55-000-7695
794,disintermediate cross-media ROI,84-128-6612
795,maximize end-to-end portals,41-192-5939
796,scale open-source convergence,08-983-3372
797,redefine enterprise mindshare,38-644-4428
798,deploy viral partnerships,16-554-6734
799,maximize killer deliverables,44-326-7779
800,streamline ubiquitous vortals,50-907-1240
801,enhance sticky e-markets,50-478-8899
802,reintermediate magnetic architectures,76-886-3161
803,transition sexy architectures,85-138-1419
804,exploit sticky convergence,45-561-1429
805,harness world-class vortals,62-823-8050
806,transition back-end eyeballs,44-273-9916
807,drive bricks-and-clicks interfaces,61-280-4706
808,facilitate end-to-end e-tailers,17-941-3152
809,integrate turn-key web-readiness,49-652-9320
810,productize global e-tailers,17-913-1734
811,implement robust e-tailers,37-519-4090
812,disintermediate back-end users,67-273-7188
813,expedite best-of-breed channels,27-182-5352
814,mesh frictionless communities,54-097-9469
815,harness viral markets,67-946-5750
816,engage distributed deliverables,51-693-2961
817,benchmark innovative channels,79-475-1630
818,revolutionize out-of-the-box ROI,76-353-6169
819,expedite holistic models,29-494-9500
820,synergize extensible content,53-715-6616
821,empower 24/7 action-items,05-495-1592
822,embrace transparent interfaces,63-347-7386
823,mesh value-added models,61-258-7347
824,aggregate plug-and-play technologies,95-207-9861
825,innovate bleeding-edge web services,05-329-0717
826,synthesize cross-media synergies,03-642-5930
827,seize viral action-items,31-955-6228
828,deploy distributed methodologies,42-697-3472
829,harness enterprise relationships,57-455-0053
830,monetize extensible action-items,49-114-9522
831,synthesize bleeding-edge vortals,01-545-8702
832,embrace real-time models,05-372-8013
833,reinvent bricks-and-clicks methodologies,56-885-7360
834,envisioneer world-class deliverables,18-480-9154
835,exploit turn-key e-tailers,50-839-6518
836,innovate 24/7 initiatives,86-822-9792
837,reinvent synergistic action-items,07-919-5623
838,matrix global solutions,07-296-4392
839,extend magnetic metrics,49-259-2909
840,reintermediate one-to-one networks,62-825-0879
841,visualize impactful networks,18-170-2721
842,enable intuitive bandwidth,82-565-0024
843,integrate cross-media metrics,02-228-5482
844,target mission-critical applications,72-359-5562
845,enable customized synergies,05-518-3133
846,incubate innovative infrastructures,68-831-0344
847,incentivize front-end web-readiness,63-498-0544
848,innovate bleeding-edge content,42-474-5168
849,grow out-of-the-box e-tailers,54-194-7158
850,streamline next-generation web services,48-898-1406
851,syndicate cross-media architectures,49-058-6191
852,deploy enterprise networks,01-191-3345
853,enhance one-to-one markets,88-084-4037
854,architect seamless web services,72-336-2117
855,whiteboard innovative channels,41-036-1398
856,morph best-of-breed web-readiness,47-054-3943
857,grow magnetic technologies,83-597-3017
858,reintermediate impactful content,92-424-8495
859,engineer efficient relationships,85-229-8422
860,whiteboard innovative action-items,17-861-5399
861,leverage dot-com vortals,42-104-7206
862,integrate holistic web services,79-665-4963
863,facilitate end-to-end partnerships,73-447-7322
864,extend cross-platform deliverables,05-847-9634
865,optimize scalable metrics,29-644-1252
866,innovate robust action-items,98-534-3860
867,unleash plug-and-play markets,71-236-2334
868,repurpose viral e-tailers,38-185-3253
869,brand turn-key e-tailers,46-009-4088
870,benchmark out-of-the-box niches,26-969-5167
871,synthesize bricks-and-clicks mindshare,69-082-9716
872,productize B2C bandwidth,23-700-7356
873,utilize world-class mindshare,84-940-4991
874,brand leading-edge e-services,02-393-2431
875,orchestrate real-time web-readiness,45-542-8099
876,syndicate revolutionary initiatives,48-622-1522
877,aggregate visionary paradigms,52-031-2759
878,enhance impactful models,56-048-4806
879,reintermediate clicks-and-mortar communities,47-782-0297
880,monetize front-end convergence,79-547-0916
881,unleash vertical synergies,06-113-7214
882,benchmark mission-critical users,94-297-4122
883,deploy holistic supply-chains,82-783-9525
884,recontextualize compelling paradigms,22-874-9904
885,facilitate end-to-end bandwidth,97-913-3948
886,visualize global e-commerce,86-257-7390
887,deploy proactive users,05-468-9112
888,morph front-end convergence,50-820-7717
889,e-enable user-centric niches,31-527-0717
890,reintermediate dynamic platforms,37-643-2385
891,transition dot-com eyeballs,28-435-0377
892,syndicate innovative convergence,28-449-9424
893,embrace out-of-the-box e-commerce,51-506-0644
894,reinvent collaborative infomediaries,03-662-9097
895,benchmark end-to-end convergence,60-010-1558
896,seize impactful portals,16-688-3485
897,whiteboard transparent architectures,47-843-0899
898,transform magnetic solutions,84-043-8548
899,iterate visionary applications,72-212-7680
900,transform synergistic supply-chains,42-552-2783
901,cultivate out-of-the-box convergence,48-306-9874
902,integrate distributed channels,07-483-8408
903,engineer rich synergies,39-810-3607
904,embrace end-to-end infomediaries,42-403-4989
905,transform clicks-and-mortar systems,94-006-4091
906,empower frictionless schemas,13-927-8886
907,enhance world-class eyeballs,31-870-7397
908,productize killer models,98-517-5564
909,brand sexy synergies,86-230-5477
910,whiteboard seamless methodologies,38-348-9688
911,engineer mission-critical eyeballs,06-706-1376
912,evolve real-time users,87-960-2562
913,drive user-centric bandwidth,31-907-0250
914,optimize robust interfaces,92-455-5712
915,synthesize impactful supply-chains,92-571-5659
916,evolve extensible content,55-400-3630
917,mesh plug-and-play metrics,76-606-3672
918,enhance 24/7 users,03-171-6602
919,envisioneer killer architectures,00-819-7717
920,streamline frictionless eyeballs,91-133-1736
921,reintermediate robust relationships,96-339-7144
922,productize dot-com infomediaries,36-177-6073
923,syndicate synergistic e-business,54-733-4261
924,transform rich solutions,00-250-5319
925,drive wireless e-tailers,83-679-8523
926,revolutionize magnetic convergence,09-446-6269
927,monetize best-of-breed schemas,03-412-6930
928,transition world-class supply-chains,74-496-5721
929,whiteboard strategic synergies,23-764-2162
930,deliver interactive communities,54-614-7857
931,synergize dot-com content,21-418-8120
932,brand synergistic e-business,53-546-1204
933,visualize customized e-tailers,91-009-7182
934,extend intuitive methodologies,00-037-2552
935,envisioneer sexy communities,38-890-8928
936,engage leading-edge web services,43-471-8123
937,iterate interactive bandwidth,83-581-5186
938,engage synergistic solutions,49-761-7856
939,deliver strategic niches,75-360-3707
940,unleash real-time web-readiness,68-564-5569
941,matrix wireless partnerships,75-577-3701
942,monetize wireless technologies,42-760-4005
943,target B2B paradigms,35-686-6787
944,extend user-centric systems,80-319-9097
945,maximize wireless synergies,43-241-7266
946,visualize dynamic partnerships,35-135-5884
947,brand seamless partnerships,88-590-9487
948,whiteboard killer content,59-057-3769
949,disintermediate dot-com methodologies,89-333-9847
950,utilize mission-critical users,71-309-0292
951,synthesize seamless solutions,95-828-3716
952,unleash leading-edge users,79-067-4984
953,transition synergistic web-readiness,37-672-1993
954,brand 24/365 relationships,06-748-3072
955,orchestrate virtual web-readiness,12-789-4783
956,cultivate virtual networks,44-767-7678
957,transition global mindshare,27-746-0241
958,synergize bricks-and-clicks infrastructures,02-683-7618
959,utilize sexy deliverables,54-470-2802
960,strategize synergistic infomediaries,71-328-2539
961,unleash front-end channels,50-854-9839
962,synthesize transparent e-tailers,59-696-4472
963,unleash intuitive mindshare,85-175-2375
964,whiteboard leading-edge convergence,57-226-5292
965,facilitate seamless initiatives,57-734-8326
966,whiteboard value-added architectures,31-370-3526
967,reintermediate leading-edge interfaces,51-569-1891
968,whiteboard killer e-tailers,60-887-1710
969,evolve intuitive partnerships,65-297-8423
970,implement B2C relationships,36-267-5595
971,architect user-centric infomediaries,36-029-8548
972,leverage best-of-breed e-services,62-991-8647
973,drive interactive e-services,44-361-7209
974,deliver visionary relationships,83-276-0263
975,aggregate e-business e-commerce,78-920-2781
976,cultivate real-time paradigms,77-096-1933
977,mesh wireless deliverables,18-543-6660
978,enhance transparent convergence,55-083-4062
979,integrate bricks-and-clicks e-business,74-886-3538
980,architect e-business relationships,50-398-1388
981,productize collaborative platforms,54-721-8218
982,recontextualize open-source deliverables,36-462-1907
983,visualize real-time supply-chains,70-943-5184
984,enable front-end applications,03-631-8348
985,visualize revolutionary communities,48-396-8208
986,repurpose interactive channels,28-128-6671
987,harness holistic bandwidth,48-416-0208
988,streamline intuitive users,85-148-1321
989,deploy robust applications,68-676-6001
990,reintermediate B2B applications,67-231-9245
991,empower vertical e-services,57-563-7202
992,redefine turn-key content,06-615-1935
993,mesh cross-platform experiences,72-438-4105
994,innovate out-of-the-box bandwidth,90-479-9346
995,transition granular ROI,17-883-4748
996,reintermediate open-source infomediaries,07-635-7727
997,empower world-class relationships,17-370-7000
998,enhance magnetic relationships,74-753-6246
999,enable web-enabled functionalities,23-440-4006
1000,brand dynamic e-tailers,19-021-3197
